﻿<?xml version="1.0" encoding="UTF-8" standalone="yes"?>
<addon id="plugin.video.GayStream" name="GayStream" version="1.0.0" provider-name="GayStream">
    <requires>
        <import addon="xbmc.python" version="3.0.0"/>
		<import addon="script.module.requests" version="2.9.1"/>
    </requires>
  <extension point="xbmc.python.pluginsource" library="default.py">
        <provides>video</provides>
  </extension>
  <extension point="xbmc.addon.metadata">
    <description lang="en">.</description>
    <platform>all</platform>
    <assets>
        <icon>icon.png</icon>
    </assets>
	<news>
	</news>
  </extension>
</addon>