<?xml version="1.0" encoding="UTF-8" standalone="yes"?>
<addon id="cb.rep" name="gStream Repository" version="1.0.1" provider-name="gStream">
    <extension point="xbmc.addon.repository" name="gStream Repository">
        <dir>
            <info compressed="false">https://raw.githubusercontent.com/D4anielCB/repository.gStream/master/zips/addons.xml</info>
            <checksum>https://raw.githubusercontent.com/D4anielCB/repository.gStream/master/zips/addons.xml.md5</checksum>
            <datadir zip="true">https://raw.githubusercontent.com/D4anielCB/repository.gStream/master/zips/</datadir>
        </dir>
    </extension>
    <extension point="xbmc.addon.metadata">
        <summary>gStream Repository</summary>
        <description>Repositorio para os addons gStream</description>
        <disclaimer></disclaimer>
        <platform>all</platform>
        <assets>
            <icon>icon.png</icon>
        </assets>
    </extension>
</addon>